City_ID,City,Lat,Lng,Max Temp,Humidity,Cloudiness,Wind Speed,Country,Date
0,puerto natales,-51.7236,-72.4875,33.91,96,100,2.53,CL,1724548461
1,yangju,37.8331,127.0617,84.07,66,0,0.09,KR,1724548462
2,mossel bay,-34.1831,22.146,54.09,74,39,2.24,ZA,1724548463
3,grytviken,-54.2811,-36.5092,25.09,78,14,11.36,GS,1724548464
4,waitangi,-43.9535,-176.5597,54.82,97,100,5.99,NZ,1724548465
5,wailua homesteads,22.0669,-159.378,83.19,71,40,19.57,US,1724548466
6,dudinka,69.4058,86.1778,51.93,75,67,2.33,RU,1724548467
7,puerto ayora,-0.7393,-90.3518,67.55,95,88,1.99,EC,1724548469
8,albany,42.6001,-73.9662,68.92,82,4,2.75,US,1724548470
9,menongue,-14.6585,17.691,54.01,32,3,3.78,AO,1724548471
10,kodiak,57.79,-152.4072,56.71,51,100,11.5,US,1724548472
11,port saint john's,-31.6229,29.5448,66.92,70,94,12.71,ZA,1724548473
12,puerto armuelles,8.2833,-82.8667,83.08,73,100,4.0,PA,1724548474
13,hawaiian paradise park,19.5933,-154.9731,76.89,98,100,14.97,US,1724548475
14,port-aux-francais,-49.35,70.2167,36.81,93,100,37.58,TF,1724548476
15,ribeira grande,38.5167,-28.7,75.78,81,100,7.0,PT,1724548478
16,adamstown,-25.066,-130.1015,67.42,69,100,10.45,PN,1724548479
17,hede,33.7681,120.2517,86.36,74,67,4.72,CN,1724548480
18,edinburgh of the seven seas,-37.0676,-12.3116,57.7,89,100,42.21,SH,1724548481
19,bethel,41.3712,-73.414,70.52,82,20,4.61,US,1724548254
20,tazovsky,67.4667,78.7,48.65,82,65,3.44,RU,1724548484
21,luderitz,-26.6481,15.1594,54.91,91,0,11.63,NA,1724548485
22,fale old settlement,-9.3852,-171.2468,80.33,82,10,14.65,TK,1724548486
23,boa vista,2.8197,-60.6733,76.98,88,75,27.63,BR,1724548487
24,thompson,55.7435,-97.8558,69.22,62,86,6.24,CA,1724548488
25,yellowknife,62.456,-114.3525,62.42,66,100,5.99,CA,1724548489
26,aral,40.5156,81.2636,77.88,47,100,2.3,CN,1724548490
27,marka,1.7159,44.7717,76.59,85,74,18.12,SO,1724548491
28,amnat charoen,15.9167,104.75,81.45,75,100,4.23,TH,1724548492
29,ust-nera,64.5667,143.2,63.64,59,12,4.99,RU,1724548493
30,iskateley,67.6803,53.1512,54.43,85,36,9.01,RU,1724548494
31,siwa oasis,29.2041,25.5195,85.5,37,0,5.91,EG,1724548495
32,tiksi,71.6872,128.8694,43.11,97,100,4.65,RU,1724548496
33,vila franca do campo,37.7167,-25.4333,72.01,64,12,5.21,PT,1724548498
34,udachny,66.4167,112.4,51.49,93,100,20.27,RU,1724548486
35,duragan,41.4158,35.0544,67.77,80,57,2.55,TR,1724548501
36,olonkinbyen,70.9221,-8.7187,41.79,92,100,9.51,SJ,1724548502
37,jamestown,42.097,-79.2353,67.64,72,0,0.0,US,1724548281
38,blackmans bay,-43.0167,147.3167,59.74,72,100,5.01,AU,1724548488
39,coquimbo,-29.9533,-71.3436,56.98,57,0,4.61,CL,1724548388
40,kasama,-10.2129,31.1808,53.26,52,45,4.72,ZM,1724548506
41,bredasdorp,-34.5322,20.0403,47.71,80,100,6.26,ZA,1724548507
42,minas de marcona,-15.2119,-75.1103,54.1,75,57,8.84,PE,1724548508
43,salinas de hidalgo,22.6333,-101.7167,71.33,48,100,17.05,MX,1724548509
44,papatowai,-46.5619,169.4708,46.18,77,100,3.33,NZ,1724548510
45,polyarnyy,69.1989,33.4478,55.26,81,100,21.99,RU,1724548511
46,kavieng,-2.5744,150.7967,82.63,76,100,8.41,PG,1724548512
47,maputo,-25.9653,32.5892,60.48,82,0,8.05,MZ,1724548514
48,iqaluit,63.7506,-68.5145,45.7,65,42,11.01,CA,1724548444
49,richards bay,-28.783,32.0377,64.98,73,0,7.78,ZA,1724548516
50,woolgoolga,-30.1106,153.2007,64.27,58,45,0.92,AU,1724548517
51,taltal,-25.4,-70.4833,57.97,73,20,1.7,CL,1724548518
52,magong,23.5654,119.5863,81.52,78,12,5.48,TW,1724548519
53,west island,-12.1568,96.8225,78.78,94,75,14.97,CC,1724548520
54,cabo san lucas,22.8909,-109.9124,89.91,62,40,19.57,MX,1724548521
55,margaret river,-33.95,115.0667,58.37,75,100,15.9,AU,1724548522
56,rengali,21.6333,84.05,74.71,92,100,3.65,IN,1724548523
57,hermanus,-34.4187,19.2345,52.88,78,100,8.46,ZA,1724548524
58,gazojak,41.1875,61.4036,70.21,35,4,12.08,TM,1724548525
59,brady,31.1352,-99.3351,91.85,38,0,9.22,US,1724548526
60,mejit,10.2753,170.8646,82.71,76,100,7.29,MH,1724548527
61,dubbo,-32.25,148.6167,60.93,94,100,6.91,AU,1724548529
62,dunedin,-45.8742,170.5036,44.8,97,100,1.99,NZ,1724548471
63,troitsk,54.0979,61.5773,52.05,79,62,6.4,RU,1724548531
64,ushuaia,-54.8,-68.3,35.96,93,100,5.21,AR,1724548374
65,bamboo flat,11.7,92.7167,82.49,83,40,4.61,IN,1724548533
66,kerikeri,-35.2268,173.9474,61.2,59,1,5.75,NZ,1724548534
67,avarua,-21.2078,-159.775,71.29,75,100,30.53,CK,1724548535
68,tual,-5.6667,132.75,78.21,90,80,24.0,ID,1724548536
69,kilkenny,52.6542,-7.2522,49.95,90,13,1.99,IE,1724548537
70,isafjordur,66.0755,-23.124,37.11,98,100,12.03,IS,1724548538
71,gizo,-8.103,156.8419,81.21,78,100,23.69,SB,1724548539
72,jerantut,3.936,102.3626,73.62,98,100,0.69,MY,1724548540
73,carnarvon,-24.8667,113.6333,65.53,63,2,15.37,AU,1724548272
74,puerto aysen,-45.4,-72.7,33.73,99,100,0.87,CL,1724548542
75,thurgoona,-36.0451,146.9919,64.51,76,100,11.61,AU,1724548543
76,noumea,-22.2763,166.4572,77.0,99,11,9.13,NC,1724548545
77,junction city,39.0286,-96.8314,89.46,62,0,14.97,US,1724548415
78,praia da vitoria,38.7333,-27.0667,70.75,83,20,2.19,PT,1724548548
79,nantucket,41.2835,-70.0995,66.31,94,0,5.75,US,1724548549
80,aasiaat,68.7098,-52.8699,38.86,89,96,19.39,GL,1724548550
81,guerrero negro,27.9769,-114.0611,71.96,68,0,16.67,MX,1724548551
82,ancud,-41.8697,-73.8203,43.52,81,100,2.33,CL,1724548552
83,tateyama,34.9833,139.8667,83.52,77,7,10.83,JP,1724548553
84,nova sintra,14.8667,-24.7167,79.63,83,100,18.43,CV,1724548554
85,sitka,57.0531,-135.33,58.89,67,100,6.91,US,1724548555
86,ko pha ngan,9.7578,100.0291,77.76,75,100,20.07,TH,1724548556
87,port mathurin,-19.6833,63.4167,71.02,73,100,24.45,MU,1724548557
88,bilibino,68.0546,166.4372,49.51,58,63,5.79,RU,1724548559
89,ouahigouya,13.5828,-2.4216,75.36,85,12,9.17,BF,1724548560
90,mbekenyera,-10.0,38.9833,65.01,79,8,4.79,TZ,1724548561
91,roccella ionica,38.322,16.4009,79.45,75,10,10.33,IT,1724548562
92,forest city,28.6668,-81.4433,83.14,81,0,8.05,US,1724548564
93,badger,64.8,-147.5333,56.14,60,20,5.75,US,1724548565
94,katsuura,35.1333,140.3,82.71,80,13,11.63,JP,1724548566
95,puerto baquerizo moreno,-0.9,-89.6,66.9,83,51,12.68,EC,1724548567
96,college,64.8569,-147.8028,55.35,65,75,5.75,US,1724548568
97,faya-largeau,17.9257,19.1043,95.5,24,45,14.52,TD,1724548569
98,tamanrasset,22.785,5.5228,75.11,46,0,4.61,DZ,1724548570
99,pitkyaranta,61.5734,31.4792,55.22,94,7,6.33,RU,1724548571
100,longyearbyen,78.2186,15.6401,49.84,81,75,13.8,SJ,1724548572
101,hammerfest,70.6634,23.6821,54.05,82,75,19.57,NO,1724548573
102,karamay,45.6004,84.8661,79.29,29,100,26.66,CN,1724548574
103,sinabang,2.4803,96.3801,78.76,88,96,4.61,ID,1724548576
104,lebu,-37.6167,-73.65,44.56,77,100,3.94,CL,1724548578
105,holualoa,19.6228,-155.9522,80.44,88,75,5.75,US,1724548579
106,sinan,34.8262,126.1086,76.35,88,45,1.3,KR,1724548581
107,klyuchi,52.2667,79.1667,56.28,84,67,10.09,RU,1724548582
108,kyabe,9.4515,18.9449,72.16,97,100,7.58,TD,1724548583
109,muridke,31.8025,74.2617,82.92,71,0,5.26,PK,1724548584
110,olinda,-8.0089,-34.8553,78.53,69,40,13.8,BR,1724548586
111,stanley,54.868,-1.6985,51.28,80,0,13.8,GB,1724548587
112,lihue,21.9789,-159.3672,83.79,67,40,19.57,US,1724548588
113,labe,11.3182,-12.2833,65.25,98,100,3.4,GN,1724548589
114,ilulissat,69.2167,-51.1,41.02,100,100,10.36,GL,1724548590
115,meadow lake,34.8014,-106.5436,75.33,41,33,8.25,US,1724548591
116,leer,53.2316,7.461,60.94,97,100,15.88,DE,1724548592
117,aleksandrovsk,59.158,57.5624,43.81,100,5,1.14,RU,1724548593
118,pangai,-19.8,-174.35,74.08,79,100,20.67,TO,1724548594
119,colac,-38.3333,143.5833,67.21,50,0,14.0,AU,1724548595
120,lorengau,-2.0226,147.2712,82.38,85,93,11.41,PG,1724548596
121,kupang,-10.1667,123.5833,84.49,62,6,10.51,ID,1724548583
122,kruisfontein,-34.0033,24.7314,55.4,72,51,8.9,ZA,1724548600
123,nizhnesortymskiy,62.4397,71.7603,53.11,72,84,12.77,RU,1724548400
124,saguenay,48.4168,-71.0657,70.63,80,75,9.22,CA,1724548602
125,tolanaro,-25.0319,46.9987,65.68,62,100,13.67,MG,1724548603
126,mount isa,-20.7333,139.5,83.97,30,6,10.36,AU,1724548604
127,le port,-20.9373,55.2919,62.89,91,48,5.48,RE,1724548605
128,brisas de zicatela,15.8369,-97.0419,82.67,79,100,7.18,MX,1724548606
129,margate,51.3813,1.3862,52.88,87,0,15.86,GB,1724548607
130,okhotsk,59.3833,143.3,69.03,53,4,10.13,RU,1724548609
131,sydney,-33.8679,151.2073,73.35,67,75,11.5,AU,1724548402
132,saint-pierre,-21.3393,55.4781,65.88,59,100,9.22,RE,1724548611
133,ta`u,-14.2336,-169.5144,78.6,78,100,20.83,AS,1724548612
134,cascais,38.6979,-9.4215,65.55,75,0,23.0,PT,1724548613
135,san juan pueblo,15.5833,-87.2333,74.41,94,62,0.87,HN,1724548614
136,constantia,44.1833,28.65,70.7,47,7,7.29,RO,1724548616
137,ulan bator,47.9077,106.8832,59.13,72,20,2.24,MN,1724548508
138,bandon,51.7469,-8.7425,51.39,91,12,7.2,IE,1724548618
139,arkhangel'sk,64.5401,40.5433,60.91,94,20,8.95,RU,1724548619
140,invercargill,-46.4,168.35,47.01,81,100,3.0,NZ,1724548601
141,anadyr,64.75,177.4833,48.7,66,0,17.9,RU,1724548621
142,north bay,46.3168,-79.4663,66.22,82,75,5.75,CA,1724548622
143,hithadhoo,-0.6,73.0833,82.6,72,100,6.11,MV,1724548623
144,giado,31.9582,12.0203,74.07,73,0,4.92,LY,1724548624
145,greymouth,-42.4667,171.2,51.8,89,100,9.64,NZ,1724548625
146,inhambane,-23.865,35.3833,65.14,77,0,8.25,MZ,1724548626
147,uturoa,-16.7333,-151.4333,77.88,80,79,16.8,PF,1724548627
148,houmt el souk,33.8758,10.8575,76.95,78,0,3.44,TN,1724548628
149,qaqortoq,60.7167,-46.0333,42.35,89,100,3.56,GL,1724548629
150,meizhou,24.2977,116.1072,83.37,84,7,1.59,CN,1724548631
151,sajir,25.1825,44.5996,88.0,22,2,7.52,SA,1724548633
152,utrik,11.2278,169.8474,82.56,80,100,15.14,MH,1724548634
153,st. john's,47.5649,-52.7093,62.98,85,20,16.11,CA,1724548635
154,alice springs,-23.7,133.8833,87.35,23,0,19.57,AU,1724548636
155,kolwezi,-10.7148,25.4667,59.5,44,25,6.4,CD,1724548637
156,morondava,-20.2833,44.2833,67.91,59,0,11.54,MG,1724548638
157,qarazhal,48.0078,70.7903,52.84,68,99,8.01,KZ,1724548639
158,belmonte,-15.8631,-38.8828,72.27,76,6,6.8,BR,1724548640
159,rurrenabaque,-14.4413,-67.5278,70.75,61,92,3.71,BO,1724548641
160,ciudad melchor muzquiz,27.8833,-101.5167,91.15,31,4,14.12,MX,1724548642
161,hailar,49.2,119.7,67.96,51,6,14.09,CN,1724548643
162,mombetsu,44.3525,143.3525,66.22,88,75,6.91,JP,1724548644
163,luba,3.4568,8.5547,76.08,88,100,5.32,GQ,1724548645
164,murray bridge,-35.1167,139.2667,69.03,46,0,26.57,AU,1724548647
165,motomachi,43.8228,144.1044,69.82,78,75,6.91,JP,1724548648
166,hovd,48.0056,91.6419,69.85,30,65,6.71,MN,1724548649
167,leava,-14.3,-178.1667,79.7,79,98,24.0,WF,1724548650
168,punta arenas,-53.15,-70.9167,39.31,93,75,4.61,CL,1724548651
169,kuching,1.55,110.3333,81.01,93,40,5.01,MY,1724548652
170,ankang,32.68,109.0172,82.11,85,96,2.08,CN,1724548653
171,aykhal,66.0,111.5,52.34,81,96,21.77,RU,1724548654
172,obo,5.3998,26.4869,67.01,98,100,3.09,CF,1724548655
173,turabah,21.2141,41.6331,81.57,46,65,5.73,SA,1724548656
174,atafu village,-8.5421,-172.5159,81.12,81,23,15.61,TK,1724548657
175,mount gambier,-37.8333,140.7667,58.68,91,44,9.37,AU,1724548464
176,machico,32.7,-16.7667,76.71,73,20,13.8,PT,1724548660
177,anapa,44.8908,37.3239,70.14,78,0,13.42,RU,1724548662
178,brookings,44.3114,-96.7984,80.6,83,0,9.22,US,1724548535
179,geraldton,-28.7667,114.6,59.41,88,100,10.36,AU,1724548664
180,boyalik,41.2634,28.6314,70.77,67,0,8.03,TR,1724548665
181,reocin,43.3485,-4.1364,61.2,85,100,2.95,ES,1724548666
182,darwin,-12.4611,130.8418,85.98,66,40,3.44,AU,1724548623
183,santa marta de ortigueira,43.6833,-7.85,60.26,37,0,8.34,ES,1724548668
184,keflavik,64.0049,-22.5624,43.23,75,75,24.16,IS,1724548669
185,castillos,-34.1667,-53.8333,43.27,84,100,8.5,UY,1724548670
186,laojunmiao,39.8333,97.7333,60.03,73,24,2.04,CN,1724548671
187,pineto,42.6097,14.066,82.35,67,92,4.0,IT,1724548672
188,bagaha,27.1,84.0833,79.63,87,6,8.01,IN,1724548674
189,tofol,5.3248,163.0078,82.62,76,100,5.97,FM,1724548675
190,madimba,-10.4,40.3333,69.3,85,70,10.0,TZ,1724548676
191,cabedelo,-6.9811,-34.8339,74.07,83,5,12.55,BR,1724548678
192,aykol,38.1751,77.2132,70.79,57,100,10.16,CN,1724548679
193,walvis bay,-22.9575,14.5053,55.6,82,0,13.44,NA,1724548680
194,whitehorse,60.7161,-135.0538,58.01,57,75,13.8,CA,1724548681
195,natal,-5.795,-35.2094,73.62,83,20,4.61,BR,1724548575
196,sandakan,5.8402,118.1179,82.08,89,20,3.44,MY,1724548684
197,touros,-5.1989,-35.4608,76.08,77,17,15.35,BR,1724548685
198,rioja,-29.4111,-66.8507,45.3,54,6,0.83,AR,1724548686
199,nagqu,31.5,92.0,43.68,69,8,4.23,CN,1724548687
200,hobyo,5.3505,48.5268,76.46,86,100,24.47,SO,1724548688
201,wanning,18.8003,110.3967,85.3,73,8,5.12,CN,1724548689
202,balqash,46.8481,74.995,62.67,54,99,10.85,KZ,1724548690
203,santa cruz,-17.8,-63.1667,63.86,45,100,17.27,BO,1724548502
204,timimoun,29.2639,0.231,91.78,15,20,16.11,DZ,1724548692
205,soio,-6.1349,12.3689,69.73,91,3,7.05,AO,1724548694
206,kuanda,56.3161,116.0806,61.9,67,28,5.14,RU,1724548695
207,olyokminsk,60.3736,120.4264,64.02,71,94,7.56,RU,1724548696
208,forster,-32.1667,152.5167,65.37,97,100,2.06,AU,1724548697
209,flying fish cove,-10.4217,105.6791,76.68,83,100,13.8,CX,1724548698
210,al hasaheisa,14.7526,33.2984,77.43,81,100,8.23,SD,1724548699
211,bardai,11.65,7.2333,69.91,94,100,7.09,NG,1724548700
212,dabou,5.3256,-4.3769,73.42,95,38,5.68,CI,1724548701
213,talnakh,69.4865,88.3972,52.66,74,98,6.35,RU,1724548602
214,shimoda,34.6667,138.95,85.46,68,6,7.65,JP,1724548703
215,mao,39.8885,4.2658,75.76,94,75,2.3,ES,1724548704
216,kavaratti,10.5669,72.642,80.37,85,100,12.75,IN,1724548705
217,peruibe,-24.32,-46.9983,61.56,95,100,8.7,BR,1724548706
218,vilyuchinsk,52.9306,158.4028,61.07,91,100,4.7,RU,1724548707
219,padangsidempuan,1.3667,99.2667,72.27,93,100,0.87,ID,1724548710
220,puqi,29.7167,113.8833,88.88,60,3,2.48,CN,1724548711
221,egilsstadir,65.2653,-14.3948,44.51,76,100,6.91,IS,1724548712
222,letlhakane,-21.4167,25.5833,57.67,50,0,9.22,BW,1724548713
223,marsa alam,25.0757,34.8918,87.78,40,51,4.9,EG,1724548714
224,lulea,65.5842,22.1547,55.47,76,100,3.44,SE,1724548715
225,hamilton,39.1834,-84.5333,81.93,65,75,4.61,US,1724548693
226,bengkulu,-3.8004,102.2655,76.48,83,25,5.44,ID,1724548717
227,kenai,60.5544,-151.2583,57.25,75,100,14.97,US,1724548718
228,mapastepec,15.4333,-92.9,78.49,93,100,3.53,MX,1724548719
229,enewetak,11.3474,162.3373,84.04,77,98,17.67,MH,1724548720
230,yuzhno-kurilsk,44.0306,145.8556,65.79,72,12,9.35,RU,1724548721
231,bikenibeu village,1.3673,173.1241,89.56,66,20,0.0,KI,1724548722
232,sos'va,59.1766,61.8558,45.21,93,8,4.41,RU,1724548724
233,torghay,49.6339,63.4981,57.2,57,79,4.97,KZ,1724548725
234,gangtok,27.3333,88.6167,71.33,86,71,1.39,IN,1724548726
235,selfoss,63.9331,-20.9971,44.04,84,70,10.45,IS,1724548727
236,salinopolis,-0.6136,-47.3561,80.49,76,17,13.11,BR,1724548728
237,san matias,-16.3667,-58.4,67.23,55,5,10.65,BO,1724548729
238,kalmunai,7.4167,81.8167,80.64,81,65,4.16,LK,1724548730
239,kindu,-2.95,25.95,74.73,51,2,0.87,CD,1724548731
240,bani walid,31.7566,13.9942,76.82,75,0,3.65,LY,1724548732
241,raholt,60.2667,11.1833,53.85,87,100,2.3,NO,1724548733
242,alotau,-10.3069,150.4462,78.66,81,96,7.31,PG,1724548734
243,kingston,17.997,-76.7936,85.15,84,20,12.66,JM,1724548736
244,chibougamau,49.9168,-74.3659,60.42,94,100,5.75,CA,1724548737
245,tazacorte,28.629,-17.9293,74.37,89,20,14.97,ES,1724548738
246,veselyy,47.0934,40.7422,67.1,41,1,8.12,RU,1724548740
247,atkaracalar,40.8159,33.0756,55.72,94,2,3.33,TR,1724548742
248,tsiombe,-25.3,45.4833,62.51,62,1,14.03,MG,1724548743
249,moose jaw,50.4001,-105.5344,80.85,57,100,8.05,CA,1724548744
250,dauphin,51.1494,-100.0502,69.94,94,100,3.44,CA,1724548745
251,mata-utu,-13.2816,-176.1745,80.24,78,100,22.46,WF,1724548746
252,la passe,45.5549,-0.8967,61.14,80,1,8.57,FR,1724548747
253,new norfolk,-42.7826,147.0587,60.93,74,100,3.47,AU,1724548748
254,tobelo,1.7284,128.0095,81.64,75,100,4.14,ID,1724548749
255,zahedan,29.4963,60.8629,66.11,22,0,6.91,IR,1724548750
256,nemuro,43.3236,145.575,61.45,86,100,14.05,JP,1724548751
257,iskushuban,10.2837,50.23,82.72,54,100,17.49,SO,1724548752
258,bechar,31.6167,-2.2167,86.32,21,20,4.61,DZ,1724548753
259,tinajo,29.0788,-13.7081,72.48,78,0,10.36,ES,1724548755
260,lerwick,60.1545,-1.1494,52.72,85,100,20.6,GB,1724548756
261,miri,4.4148,114.0089,78.94,89,40,6.91,MY,1724548757
262,bodo,67.28,14.405,53.94,81,100,13.8,NO,1724548759
263,sen monorom,12.45,107.2,72.91,87,99,1.12,KH,1724548760
264,fort st. john,56.2499,-120.8529,62.49,63,75,6.91,CA,1724548761
265,weno,7.4515,151.8468,85.95,74,100,6.91,FM,1724548763
266,garoowe,8.4054,48.4845,76.6,68,55,25.32,SO,1724548764
267,smithers,54.7804,-127.1743,71.92,28,20,13.8,CA,1724548766
268,orsa,54.5153,30.4053,60.53,72,6,3.87,BY,1724548767
269,fort bragg,35.139,-79.006,73.49,77,0,0.0,US,1724548563
270,pakxan,18.3778,103.6601,77.5,92,100,2.37,LA,1724548769
271,bogalusa,30.791,-89.8487,82.0,69,0,0.0,US,1724548770
272,palmer,42.1584,-72.3287,68.45,80,0,0.0,US,1724548771
273,lang son,21.8333,106.7333,74.98,91,100,2.35,VN,1724548772
274,lysianka,49.2523,30.8295,64.87,45,3,7.85,UA,1724548773
275,vadso,70.0744,29.7487,55.56,88,75,16.11,NO,1724548603
276,langsa,4.4683,97.9683,73.29,100,100,2.46,ID,1724548604
277,fortuna,40.5982,-124.1573,67.12,69,75,9.22,US,1724548776
278,essaouira,31.5125,-9.77,80.1,61,0,11.5,MA,1724548777
279,kittila,67.6647,24.8936,48.34,76,0,6.91,FI,1724548778
280,waddan,29.1614,16.139,80.2,55,0,6.31,LY,1724548779
281,nuuk,64.1835,-51.7216,43.41,100,100,1.14,GL,1724548780
282,kourou,5.1552,-52.6478,79.25,82,84,11.43,GF,1724548708
283,asifabad,19.3667,79.2833,74.26,92,100,10.42,IN,1724548783
284,ylitornio,66.3089,23.6773,46.29,86,5,5.08,FI,1724548785
285,sao vicente,-23.9631,-46.3919,58.98,26,100,14.76,BR,1724548787
286,ksar el boukhari,35.8889,2.7491,82.22,36,4,3.58,DZ,1724548788
287,mareeba,-17.0,145.4333,79.25,56,16,8.43,AU,1724548789
288,gloversville,43.0528,-74.3438,64.96,89,10,3.65,US,1724548664
289,at-bashi,41.1702,75.8106,54.07,54,5,0.81,KG,1724548791
290,arkalyk,50.2486,66.9114,49.93,86,6,8.05,KZ,1724548792
291,panindicuaro,19.9667,-101.7667,62.76,93,100,3.04,MX,1724548793
292,zhangjiakou shi xuanhua qu,40.6103,115.0447,76.15,48,100,1.14,CN,1724548794
293,gamba,-2.65,10.0,73.54,83,100,3.89,GA,1724548796
294,afaahiti,-17.75,-149.2833,74.52,78,100,13.0,PF,1724548797
295,oroqen zizhiqi,50.5667,123.7167,61.68,90,100,3.56,CN,1724548798
296,vila do maio,15.1333,-23.2167,79.95,81,100,16.44,CV,1724548573
297,akureyri,65.6835,-18.0878,42.73,81,100,6.91,IS,1724548800
298,severo-yeniseyskiy,60.3725,93.0408,56.25,85,100,4.63,RU,1724548801
299,tarrafal,15.2833,-23.7667,79.3,82,100,13.04,CV,1724548802
300,namibe,-15.1961,12.1522,61.66,89,0,4.43,AO,1724548803
301,freetown,8.484,-13.2299,78.51,94,75,6.91,SL,1724548804
302,petawawa,45.9001,-77.3328,68.79,91,100,1.81,CA,1724548805
303,broome,42.2506,-75.833,67.66,71,0,3.0,US,1724548806
304,colonia,50.9333,6.95,63.25,85,75,11.5,DE,1724548517
305,itoman,26.1247,127.6694,89.1,73,40,10.36,JP,1724548808
306,tianshui,34.5439,105.6897,78.37,70,100,12.08,CN,1724548809
307,saldanha,-33.0117,17.9442,54.55,86,100,9.84,ZA,1724548810
308,tura,25.5198,90.2201,75.58,94,95,3.71,IN,1724548812
309,tromso,69.6496,18.957,53.62,76,75,19.57,NO,1724548813
310,nikko,36.75,139.6167,72.34,89,100,1.92,JP,1724548801
311,namsos,64.4662,11.4957,57.11,72,75,8.05,NO,1724548815
312,saint-louis,16.3333,-15.0,83.5,67,99,13.35,SN,1724548816
313,sisimiut,66.9395,-53.6735,41.34,96,96,12.19,GL,1724548817
314,rudnichnyy,59.617,52.4703,50.58,95,10,3.24,RU,1724548818
315,tomatlan,19.9333,-105.25,81.37,83,100,3.0,MX,1724548819
316,ouarzazat,30.9189,-6.8934,80.89,32,20,8.05,MA,1724548820
317,marsillargues,43.6642,4.1745,73.33,94,100,4.61,FR,1724548821
318,oamaru,-45.0784,170.9801,49.37,87,100,13.71,NZ,1724548822
319,klaksvik,62.2266,-6.589,50.04,84,59,19.53,FO,1724548824
320,urangan,-25.3,152.9,65.86,86,0,7.54,AU,1724548825
321,yilan,24.757,121.753,87.84,66,86,3.24,TW,1724548826
322,georgetown,5.4112,100.3354,80.53,78,40,2.3,MY,1724548528
323,fisterra,42.9049,-9.2629,63.9,69,2,14.03,ES,1724548639
324,settat,33.0007,-7.6204,72.7,63,0,7.47,MA,1724548557
325,horta,38.5333,-28.6333,75.02,82,100,5.99,PT,1724548831
326,as sulayyil,20.4607,45.5779,93.67,29,100,9.62,SA,1724548832
327,isangel,-19.55,169.2667,77.11,69,75,2.3,VU,1724548833
328,igarka,67.4667,86.5833,50.99,73,13,8.5,RU,1724548834
329,samamiya,11.3487,9.6399,73.54,84,100,9.04,NG,1724548835
330,mufumbwe,-13.6833,24.8,54.84,53,0,5.91,ZM,1724548836
331,port alfred,-33.5906,26.891,57.18,92,11,10.89,ZA,1724548837
332,igbo-ora,7.4333,3.2833,70.95,97,100,3.4,NG,1724548838
333,hadibu,12.65,54.0333,79.07,83,100,16.73,YE,1724548839
334,crane,31.3974,-102.3501,95.07,28,3,17.07,US,1724548840
335,takab,36.4009,47.1133,68.09,29,52,2.21,IR,1724548841
336,putina,-15.4667,-69.4333,47.26,77,8,11.52,PE,1724548842
337,buka,40.8108,69.1986,63.36,45,5,7.78,UZ,1724548844
338,constitucion,-35.3333,-72.4167,47.28,70,51,7.29,CL,1724548741
339,port blair,11.6667,92.75,82.44,89,40,4.61,IN,1724548846
340,palikir - national government center,6.9248,158.1611,77.85,94,100,5.75,FM,1724548847
341,port elizabeth,-33.918,25.5701,59.31,89,0,13.8,ZA,1724548643
342,vorgashor,67.5833,63.95,49.23,89,26,7.27,RU,1724548849
343,bria,6.5423,21.9863,67.93,98,100,5.19,CF,1724548850
344,mutsu,41.2894,141.2169,76.86,77,57,9.01,JP,1724548851
345,intendente alvear,-35.2338,-63.592,40.12,76,6,7.31,AR,1724548852
346,port lincoln,-34.7333,135.8667,58.87,70,99,26.75,AU,1724548853
347,ghat,24.9647,10.1728,93.54,28,66,7.0,LY,1724548854
348,pangody,65.85,74.4859,50.7,85,2,6.98,RU,1724548855
349,nouadhibou,20.931,-17.0347,73.38,73,7,20.71,MR,1724548856
350,ciudad real,39.0,-4.0,80.11,42,0,2.82,ES,1724548857
351,north bend,43.4065,-124.2243,70.25,72,0,5.75,US,1724548853
352,trapani,37.8333,12.6667,73.35,94,0,4.61,IT,1724548860
353,cromwell,41.5951,-72.6454,70.12,81,0,0.0,US,1724548807
354,batouri,4.4333,14.3667,67.21,99,100,3.11,CM,1724548863
355,ambovombe,-25.1667,46.0833,59.95,68,0,13.87,MG,1724548864
356,port douglas,-16.4833,145.4667,75.56,64,13,14.05,AU,1724548865
357,eldorado,-23.7869,-54.2836,52.23,56,0,7.81,BR,1724548866
358,trail,49.0998,-117.7022,55.17,97,100,2.33,CA,1724548867
359,beloyarskiy,63.7119,66.6722,47.73,92,21,1.59,RU,1724548689
360,suva,-18.1416,178.4415,74.68,88,75,10.36,FJ,1724548798
361,seven pagodas,12.6264,80.1722,82.38,62,100,9.91,IN,1724548870
362,dzuunmod,48.2199,97.3744,59.86,51,5,3.2,MN,1724548871
363,lhuentse,27.6679,91.1839,71.44,84,24,1.7,BT,1724548872
364,malabar,-33.9667,151.25,73.63,67,0,9.22,AU,1724548873
365,duong dong,10.2167,103.9667,80.6,89,40,0.0,VN,1724548874
366,katabu,-4.9333,122.5167,84.78,61,100,5.03,ID,1724548876
367,terme,41.2092,36.9739,69.69,84,79,8.39,TR,1724548877
368,tucuma,-0.1833,-50.05,80.64,76,21,10.27,BR,1724548735
369,tibanbang,6.6315,126.1055,83.75,72,100,2.53,PH,1724548879
370,belalcazar,2.6547,-75.9928,55.63,96,76,3.71,CO,1724548880
371,jokioinen,60.8016,23.48,50.9,94,1,6.2,FI,1724548881
372,scarborough,54.2797,-0.4044,51.78,84,100,4.0,GB,1724548882
373,betioky,-23.7167,44.3833,57.87,64,0,9.84,MG,1724548883
374,anna regina,7.2644,-58.5077,81.95,72,67,8.37,GY,1724548884
375,portland,45.5234,-122.6762,69.08,65,100,3.44,US,1724548786
376,ada,43.4166,-116.1262,65.01,49,40,8.05,US,1724548886
377,akonolinga,3.7667,12.25,67.17,98,100,3.27,CM,1724548887
378,petropavlovsk-kamchatsky,53.0452,158.6483,59.59,77,75,6.71,RU,1724548888
379,yekaterinoslavka,50.3734,129.1139,69.51,56,96,16.15,RU,1724548890
380,okha,53.5739,142.9478,65.95,52,0,12.75,RU,1724548891
381,birjand,32.8663,59.2211,68.43,27,0,14.79,IR,1724548892
382,barsana,27.65,77.3833,79.23,85,16,11.9,IN,1724548893
383,ruston,32.5232,-92.6379,82.22,74,0,0.0,US,1724548594
384,selydove,48.1471,37.3003,71.67,36,1,7.61,UA,1724548895
385,prado,-17.3411,-39.2208,75.06,73,14,11.68,BR,1724548896
386,sao desiderio,-12.3633,-44.9733,68.83,39,2,2.98,BR,1724548897
387,kone,-21.0595,164.8658,80.26,46,0,12.82,NC,1724548898
388,morehead city,34.7229,-76.726,75.25,83,100,11.99,US,1724548899
389,porkhov,57.765,29.5561,52.3,91,0,2.39,RU,1724548900
390,voskresenskoye,56.8381,45.4317,53.96,97,32,4.5,RU,1724548901
391,nuriootpa,-34.4833,139.0,64.71,51,34,22.48,AU,1724548902
392,lazaro cardenas,17.9583,-102.2,83.17,77,85,6.24,MX,1724548800
393,beira,-19.8436,34.8389,62.69,100,40,6.91,MZ,1724548904
394,saint-joseph,-21.3667,55.6167,64.78,69,58,7.7,RE,1724548906
395,huancavelica,-12.7667,-74.9833,41.74,78,100,7.2,PE,1724548908
396,cheremukhovo,60.3484,59.9851,45.36,86,2,2.59,RU,1724548909
397,hami,42.8,93.45,80.98,40,0,10.71,CN,1724548687
398,miragoane,18.4423,-73.0876,84.2,74,13,6.06,HT,1724548911
399,waycross,31.2136,-82.354,77.05,94,40,0.0,US,1724548912
400,fujinomiya,35.2167,138.6167,83.26,75,100,4.41,JP,1724548753
401,ndelele,4.0333,14.9333,67.53,99,100,3.24,CM,1724548914
402,tabou,4.423,-7.3528,74.98,87,100,9.71,CI,1724548915
403,broken hill,-31.95,141.4333,78.6,36,100,21.61,AU,1724548754
404,shalqar,47.8333,59.6,64.44,44,2,6.89,KZ,1724548918
405,la'ie,21.6477,-157.9253,82.11,77,23,13.0,US,1724548920
406,marsabit,2.3284,37.9899,61.43,73,61,23.31,KE,1724548921
407,westport,41.1415,-73.3579,73.02,77,0,7.0,US,1724548691
408,manokwari,-0.8667,134.0833,82.6,70,17,4.56,ID,1724548923
409,livingstone,-17.8419,25.8543,58.55,46,2,3.18,ZM,1724548924
410,centerville,39.6284,-84.1594,78.04,73,46,1.32,US,1724548863
411,mahina,-17.5065,-149.489,82.17,61,100,2.3,PF,1724548926
412,selkirk,50.1436,-96.8845,80.19,77,30,3.0,CA,1724548807
413,taourirt,34.4073,-2.8973,81.14,59,5,2.19,MA,1724548928
414,buchanan,5.8808,-10.0467,76.17,86,100,14.32,LR,1724548929
415,tan-tan,28.438,-11.1032,67.05,96,53,8.84,MA,1724548930
416,borba,-4.3878,-59.5939,83.43,39,13,2.04,BR,1724548931
417,pagar alam,-4.0167,103.2667,73.98,75,41,0.92,ID,1724548932
418,plastun,44.7561,136.2939,66.2,82,76,6.15,RU,1724548933
419,baker city,44.7749,-117.8344,62.31,51,100,4.61,US,1724548753
420,parun,35.4207,70.9221,47.57,58,0,10.27,AF,1724548936
421,queenstown,-31.8976,26.8753,52.16,87,99,2.28,ZA,1724548937
422,ceerigaabo,10.6162,47.368,63.86,67,96,20.15,SO,1724548938
423,rawson,-43.3002,-65.1023,39.49,81,0,3.44,AR,1724548939
424,rongelap,11.1635,166.8941,82.72,72,100,11.97,MH,1724548872
425,kabwe,-14.4469,28.4464,55.74,78,0,6.17,ZM,1724548941
426,beyneu,45.3167,55.2,72.95,38,0,5.68,KZ,1724548942
427,bayanhongor,46.7167,100.1167,54.16,64,48,1.88,MN,1724548944
428,south sioux city,42.4739,-96.4136,82.8,63,40,8.05,US,1724548946
429,ha tinh,18.3333,105.9,80.42,87,100,1.3,VN,1724548947
430,serra,-20.1286,-40.3078,74.66,78,0,14.97,BR,1724548914
431,salinas,36.6777,-121.6555,71.8,68,0,12.66,US,1724548950
432,ulsteinvik,62.3432,5.8487,57.76,83,100,4.0,NO,1724548951
433,magadan,59.5667,150.8,60.33,53,100,2.82,RU,1724548817
434,happy valley-goose bay,53.3168,-60.3315,70.11,52,20,8.05,CA,1724548953
435,nueva concepcion,14.2,-91.3,73.9,96,100,12.26,GT,1724548954
436,prince rupert,54.3161,-130.3201,57.29,83,100,6.91,CA,1724548955
437,east london,-33.0153,27.9116,62.69,73,81,11.92,ZA,1724548956
438,kiskunfelegyhaza,46.7121,19.8446,70.81,55,95,5.08,HU,1724548957
439,mugia,43.1041,-9.2179,64.29,68,0,14.09,ES,1724548958
440,ginir,7.1333,40.7,61.48,70,100,14.16,ET,1724548959
441,sao jose da coroa grande,-8.8978,-35.1478,74.55,76,6,9.35,BR,1724548961
442,veseloyarsk,51.2836,81.1056,57.65,87,100,8.88,RU,1724548962
443,bahir dar,11.5936,37.3908,58.6,93,44,3.0,ET,1724548963
444,usinsk,65.9939,57.5281,51.75,84,78,11.07,RU,1724548964
445,yambio,4.5721,28.3955,67.93,93,100,3.78,SS,1724548965
446,chonchi,-42.6128,-73.8092,45.12,93,100,2.28,CL,1724548719
447,la ronge,55.1001,-105.2842,80.82,50,40,11.5,CA,1724548967
448,peace river,56.2501,-117.286,55.71,94,100,14.97,CA,1724548968
449,aioun,16.6614,-9.6149,88.59,49,100,12.15,MR,1724548969
450,isla mujeres,21.2311,-86.731,78.85,80,99,8.81,MX,1724548970
451,sandy point town,17.35,-62.8333,79.36,83,20,6.91,KN,1724548971
452,galesong,-5.3166,119.3661,83.16,61,62,8.03,ID,1724548972
453,schmallenberg,51.15,8.3,56.73,96,100,11.92,DE,1724548973
454,sao sebastiao do paraiso,-20.9169,-46.9914,64.71,73,4,11.54,BR,1724548974
455,lebanon,36.2081,-86.2911,78.85,67,0,0.0,US,1724548974
456,lozuvatka,48.0571,33.2858,72.88,50,13,8.43,UA,1724548977
457,chios,38.3678,26.1358,76.82,56,0,16.75,GR,1724548978
458,kirakira,-10.4544,161.9205,82.69,69,100,11.3,SB,1724548979
459,limache,-33.0167,-71.2667,56.8,52,5,6.4,CL,1724548980
460,salekhard,66.53,66.6019,50.58,89,91,5.3,RU,1724548981
461,saipan,15.1355,145.701,90.3,70,40,0.0,MP,1724548982
462,labrador city,52.9463,-66.9114,68.18,61,75,10.36,CA,1724548983
463,ouesso,1.6136,16.0517,70.66,97,100,2.86,CG,1724548984
464,san luis de la loma,17.2706,-100.8939,81.64,82,42,5.93,MX,1724548985
465,kapuskasing,49.4169,-82.4331,69.89,88,20,1.14,CA,1724548986
466,remetea,46.7833,25.45,58.21,50,82,2.82,RO,1724548987
467,inza,53.8533,46.3586,56.8,92,0,5.14,RU,1724548988
468,sibundoy,1.2048,-76.9237,53.4,96,31,1.34,CO,1724548989
469,qamdo,31.1667,97.2333,53.56,54,0,3.15,CN,1724548992
470,tsengel,49.4783,100.8894,62.69,68,99,0.87,MN,1724548993
471,vila velha,-20.3297,-40.2925,75.15,84,0,14.97,BR,1724548904
472,naantali,60.4674,22.0243,58.37,100,75,5.75,FI,1724548995
473,metlili chaamba,32.2667,3.6333,85.14,20,0,0.0,DZ,1724548996
474,chabahar,25.2919,60.643,79.56,86,97,5.5,IR,1724548997
475,solikamsk,59.6196,56.7729,46.38,94,16,2.15,RU,1724548998
476,chengde,40.9725,117.9361,74.23,80,100,2.26,CN,1724548999
477,arvayheer,46.2639,102.775,54.5,82,100,1.81,MN,1724549001
478,nikolayevsk-on-amure,53.1406,140.73,71.17,38,1,3.58,RU,1724549002
479,colne,53.8571,-2.1685,52.34,89,100,8.37,GB,1724549003
480,balkanabat,39.5108,54.3671,87.26,22,0,14.99,TM,1724549006
481,korla,41.7597,86.1469,79.9,36,0,2.06,CN,1724549007
482,san antonio de pale,-1.4014,5.6325,74.53,82,100,10.16,GQ,1724549009
483,albertina,-22.2008,-46.6158,60.37,85,0,2.48,BR,1724549010
484,belyy yar,53.6039,91.3903,64.29,82,0,4.47,RU,1724549011
485,laguna,38.421,-121.4238,78.12,47,0,9.22,US,1724549012
486,melendugno,40.2747,18.3368,76.05,94,0,5.75,IT,1724548815
487,palopo,-2.9996,120.1921,81.52,65,21,3.22,ID,1724549015
488,el carmen de bolivar,9.7174,-75.1202,76.78,92,100,3.69,CO,1724549016
489,barentu,15.1139,37.5928,70.07,84,75,0.65,ER,1724549017
490,kondopoga,62.2057,34.2614,51.93,98,58,4.47,RU,1724549019
491,kloulklubed,7.0419,134.2556,83.07,76,100,10.51,PW,1724549020
492,kuzhener,56.8111,48.9128,61.54,78,100,8.7,RU,1724549021
493,marang,5.2056,103.2059,80.51,85,95,4.81,MY,1724549022
494,howrah,22.5892,88.3103,80.6,94,75,3.44,IN,1724549023
495,soverato marina,38.685,16.5499,78.01,84,18,10.8,IT,1724549006
496,porto novo,6.4965,2.6036,76.82,91,23,4.27,BJ,1724548986
497,yurty,56.0498,97.6348,65.07,72,89,4.23,RU,1724549026
498,villa gesell,-37.2639,-56.973,45.41,74,100,16.87,AR,1724549027
499,chernyshkovskiy,48.4219,42.2308,66.33,42,0,6.31,RU,1724549028
500,jingmen,31.0336,112.2047,87.96,69,96,4.94,CN,1724549029
501,xilin hot,43.9667,116.0333,64.71,56,99,1.57,CN,1724548764
502,bandarbeyla,9.4942,50.8122,78.06,79,100,23.04,SO,1724548923
503,talakan,50.3167,130.3667,69.21,53,100,10.6,RU,1724549032
504,callao,-12.0667,-77.15,63.72,82,100,8.05,PE,1724549033
505,tralee,52.2704,-9.7026,48.67,94,98,6.73,IE,1724548874
506,paradip garh,20.3167,86.6167,77.36,93,100,9.57,IN,1724549036
507,kerema,-7.9631,145.7785,82.0,79,100,5.32,PG,1724549037
508,nyurba,63.2842,118.3319,61.88,82,100,7.45,RU,1724549038
509,xinzhou,38.4092,112.7333,72.25,84,100,1.39,CN,1724549039
510,sosnovo-ozerskoye,52.5249,111.5418,58.91,55,0,5.64,RU,1724549040
511,chania,35.5122,24.0156,101.48,78,0,11.5,GR,1724549041
512,lamu,-2.2717,40.902,75.92,81,23,16.17,KE,1724548921
513,bereket,39.2446,55.5154,83.25,23,0,13.15,TM,1724549043
514,sao geraldo do araguaia,-6.4006,-48.555,84.09,34,85,2.33,BR,1724549044
515,tangalle,6.024,80.7911,77.94,88,89,9.22,LK,1724549045
516,nyanza,-2.3519,29.7509,59.32,62,99,2.53,RW,1724549046
517,ceeldheer,3.8488,47.1806,76.14,86,92,17.07,SO,1724549047
518,vorkuta,67.5,64.0,49.53,89,27,7.31,RU,1724549048
519,wudil,11.8107,8.8451,74.28,84,100,9.69,NG,1724549050
520,antsiranana,-12.2787,49.2917,72.43,74,82,19.95,MG,1724548801
521,dhuusamarreeb,5.535,46.3861,74.19,78,97,18.86,SO,1724549053
522,karratha,-20.7377,116.8463,77.32,33,0,11.52,AU,1724549054
523,ust-tsilma,65.441,52.1498,51.08,90,3,4.83,RU,1724549055
524,kamaishi,39.2667,141.8833,73.29,95,100,4.81,JP,1724549056
525,piacabucu,-10.4056,-36.4344,73.18,84,16,8.93,BR,1724549057
526,bolgar,54.95,49.0667,62.08,84,62,16.75,RU,1724549058
527,lagunillas,10.1301,-71.2595,80.98,83,100,9.53,VE,1724549059
528,marand,38.4329,45.7749,72.72,42,0,6.89,IR,1724549060
529,nogliki,51.8333,143.1667,69.13,50,0,10.36,RU,1724549061
530,ungsang-nodongjagu,42.3578,130.4622,69.39,74,15,5.75,KP,1724549062
531,jeddah,21.5169,39.2192,89.46,66,40,9.22,SA,1724549063
532,kralendijk,12.15,-68.2667,85.98,70,20,17.27,BQ,1724549065
533,jabat,7.75,168.9751,82.56,75,39,2.73,MH,1724549066
534,shakhtersk,48.0625,38.5167,67.77,38,0,5.97,UA,1724549067
535,nar'yan-mar,67.6713,53.087,54.43,85,27,9.01,RU,1724549068
536,aberglasslyn,-32.7,151.5333,64.56,80,100,3.06,AU,1724549069
537,san juan,-31.5375,-68.5364,49.24,34,0,7.99,AR,1724548941
538,san patricio,28.017,-97.5169,87.75,55,12,12.3,US,1724549072
539,bamusso,4.4591,8.9027,75.34,92,100,2.21,CM,1724549073
540,wafangdian,39.6183,122.0081,79.66,77,100,2.26,CN,1724549074
541,mar del plata,-38.0023,-57.5575,44.62,74,75,14.0,AR,1724548807
542,faranah,10.0404,-10.7434,69.85,98,100,6.91,GN,1724549076
543,grand-popo,6.2804,1.8225,75.47,89,11,6.04,BJ,1724549079
544,platteville,42.7342,-90.4785,80.15,78,0,4.61,US,1724549080
545,bila tserkva,49.8094,30.1121,63.73,49,0,6.2,UA,1724549081
546,cooma,-36.2333,149.1333,62.2,60,100,7.38,AU,1724549082
547,kapsan-up,41.0903,128.2933,70.11,73,30,1.16,KP,1724549083
548,guarapari,-20.6667,-40.4975,72.12,77,0,12.24,BR,1724549084
549,gualeguay,-33.1416,-59.3097,41.67,88,93,6.64,AR,1724549026
550,kosan,38.8558,127.4181,82.35,69,0,1.03,KP,1724549086
551,estevan,49.1334,-102.9842,80.8,74,0,6.91,CA,1724549087
552,jiuquan,39.7432,98.5174,65.37,70,58,5.17,CN,1724549088
553,gadzhiyevo,69.2551,33.3362,55.47,81,100,21.68,RU,1724549089
554,remire-montjoly,4.9167,-52.2667,80.64,83,0,1.14,GF,1724549091
555,tillmans corner,30.5902,-88.1708,82.89,77,0,4.61,US,1724549027
556,shohimardon,39.9839,71.8028,63.48,46,0,3.98,UZ,1724549094
557,cassilandia,-19.1133,-51.7342,70.14,60,100,10.54,BR,1724549095
558,candelaria,13.9311,121.4233,85.37,70,77,1.95,PH,1724549097
559,kailua-kona,19.6406,-155.9956,84.16,85,75,5.75,US,1724548976
560,al mijlad,11.0333,27.7333,73.45,88,100,7.78,SD,1724549099
561,arar,30.9753,41.0381,87.82,22,0,10.36,SA,1724549100
562,saint-philippe,-21.3585,55.7679,65.64,69,75,9.42,RE,1724549101
563,barakani,-12.1356,44.4317,76.44,74,75,13.62,KM,1724549102
564,adrar,20.5022,-10.0711,95.38,32,64,12.73,MR,1724549104
